908.3	0
908.4	4.8597384635E-13
908.5	0.0003513803
908.6	0.0007027096
908.7	0.0014248338
908.8	0.0021468497
908.9	0.0028687564
909	0.0035905541
909.1	0.0042968841
909.2	0.005004466
909.3	0.0057328666
909.4	0.0064625562
909.5	0.0071935363
909.6	0.0079222718
909.7	0.0086320397
909.8	0.0093424443
909.9	0.0100731246
910	0.0108044656
910.1	0.0115086314
910.2	0.012209979
910.3	0.0128889862
910.4	0.0135652647
910.5	0.0142582713
910.6	0.0150156208
910.7	0.015776574
910.8	0.0165411259
910.9	0.0172896233
911	0.0180416088
911.1	0.0187872222
911.2	0.0195341276
911.3	0.0202823159
911.4	0.0210317765
911.5	0.0217627127
911.6	0.022411015
911.7	0.0230749833
911.8	0.0237348377
911.9	0.0243710231
912	0.0250032156
912.1	0.0257878631
912.2	0.026575977
912.3	0.0273675519
912.4	0.0281625819
912.5	0.0289413197
912.6	0.0294766851
912.7	0.0300232971
912.8	0.0305614243
912.9	0.0310910773
913	0.0316122663
913.1	0.0320888502
913.2	0.0325564476
913.3	0.0330338459
913.4	0.0335020201
913.5	0.034313001
913.6	0.0355374094
913.7	0.037128443
913.8	0.0387340478
913.9	0.0403352721
914	0.0419508052
914.1	0.0436982501
914.2	0.0454663959
914.3	0.0472551849
914.4	0.0490645585
914.5	0.050874739
914.6	0.0521928323
914.7	0.0535226375
914.8	0.0548444342
914.9	0.0561582224
915	0.0574640044
915.1	0.0582568572
915.2	0.05901725
915.3	0.0597264418
915.4	0.0604037208
915.5	0.0610674999
915.6	0.062613429
915.7	0.0641664881
915.8	0.0657266744
915.9	0.0672939888
916	0.0688684364
916.1	0.0710179048
916.2	0.0731969642
916.3	0.0754248253
916.4	0.0776826803
916.5	0.0799705364
916.6	0.0814602714
916.7	0.0829506651
916.8	0.084441701
916.9	0.0859137195
917	0.0873863349
917.1	0.0881864085
917.2	0.0889647182
917.3	0.0897212742
917.4	0.090456086
917.5	0.0911691628
917.6	0.0922745409
917.7	0.0933517401
917.8	0.0944196812
917.9	0.0954970307
918	0.0965650319
918.1	0.0985065386
918.2	0.1004629355
918.3	0.1024153073
918.4	0.1043823241
918.5	0.1063830708
918.6	0.1084225489
918.7	0.1104775566
918.8	0.1125480222
918.9	0.1146338752
919	0.1167350461
919.1	0.1183823129
919.2	0.1200341976
919.3	0.1217104003
919.4	0.1233912169
919.5	0.1250766183
919.6	0.1265520324
919.7	0.1280268774
919.8	0.1295011323
919.9	0.1309549845
920	0.1324082145
920.1	0.1342147044
920.2	0.1360275295
920.3	0.1378466648
920.4	0.1396720884
920.5	0.1415037813
920.6	0.1428942171
920.7	0.144262137
920.8	0.1456275889
920.9	0.1470105644
921	0.1483910991
921.1	0.1494275929
921.2	0.1504553259
921.3	0.1514743661
921.4	0.1524847891
921.5	0.1534670335
921.6	0.1548014181
921.7	0.1561531997
921.8	0.1575027178
921.9	0.1588499564
922	0.1601948993
922.1	0.1619227911
922.2	0.163655147
922.3	0.1654116056
922.4	0.167172531
922.5	0.1689378896
922.6	0.1702796294
922.7	0.1716189177
922.8	0.1729557652
922.9	0.1742705107
923	0.1755828751
923.1	0.1768040393
923.2	0.1780211191
923.3	0.1792341388
923.4	0.1804431254
923.5	0.181648108
923.6	0.1827729714
923.7	0.1838738046
923.8	0.1849698364
923.9	0.1860801666
924	0.1871850931
924.1	0.1883444172
924.2	0.1894987191
924.3	0.1906477915
924.4	0.191791446
924.5	0.1929103263
924.6	0.1941890904
924.7	0.195483509
924.8	0.1967742547
924.9	0.198061211
925	0.1993442857
925.1	0.2008649582
925.2	0.2023849172
925.3	0.2039232789
925.4	0.2054609146
925.5	0.2069978506
925.6	0.2084458932
925.7	0.2098923048
925.8	0.2113372089
925.9	0.2127615941
926	0.2141848168
926.1	0.2156179357
926.2	0.2170504138
926.3	0.2184825501
926.4	0.2199146812
926.5	0.2213471818
926.6	0.2229210182
926.7	0.2244769932
926.8	0.2260343102
926.9	0.2276122203
927	0.2291915741
927.1	0.229251094
927.2	0.2292952414
927.3	0.2293240976
927.4	0.2293377439
927.5	0.2293176119
927.6	0.2287870097
927.7	0.2282547678
927.8	0.2277022598
927.9	0.2271295091
928	0.2265365394
928.1	0.2274193139
928.2	0.2282972246
928.3	0.2291524848
928.4	0.2300029231
928.5	0.2308662242
928.6	0.2314650299
928.7	0.232057198
928.8	0.2326422439
928.9	0.2332022349
929	0.2337543372
929.1	0.2338070995
929.2	0.2338463505
929.3	0.2338717893
929.4	0.2338831507
929.5	0.2338802059
929.6	0.2328771174
929.7	0.2318339919
929.8	0.2307677016
929.9	0.2296945096
930	0.2285977911
930.1	0.2277597284
930.2	0.2268998339
930.3	0.2260182149
930.4	0.2251150204
930.5	0.2241750213
930.6	0.2232713569
930.7	0.2223625516
930.8	0.2214334874
930.9	0.2204844995
931	0.2195159552
931.1	0.2182284347
931.2	0.2169209102
931.3	0.215579621
931.4	0.2142196353
931.5	0.2128554095
931.6	0.2095035634
931.7	0.2061173591
931.8	0.202696956
931.9	0.199242513
932	0.1957541888
932.1	0.1949311401
932.2	0.1940944951
932.3	0.1932565
932.4	0.1924048455
932.5	0.191539613
932.6	0.1926456433
932.7	0.1937411935
932.8	0.1948381917
932.9	0.1959486158
933	0.1970604698
933.1	0.1965564925
933.2	0.1960423375
933.3	0.1955180151
933.4	0.1949835336
933.5	0.194427313
933.6	0.1905179668
933.7	0.1865869678
933.8	0.1826231069
933.9	0.1786267256
934	0.1745981312
934.1	0.1734802681
934.2	0.17235015
934.3	0.171198095
934.4	0.1700343212
934.5	0.1688685933
934.6	0.1748664737
934.7	0.1808992544
934.8	0.186966991
934.9	0.1930697321
935	0.1992075163
935.1	0.2016170331
935.2	0.2040392411
935.3	0.2061779579
935.4	0.2083247943
935.5	0.2103640388
935.6	0.2089946217
935.7	0.2076204334
935.8	0.2062413454
935.9	0.204857211
936	0.2034678659
936.1	0.2044633661
936.2	0.2054602913
936.3	0.2064584162
936.4	0.2074574896
936.5	0.2084572343
936.6	0.2075884269
936.7	0.2067164843
936.8	0.2058414031
936.9	0.2049631781
937	0.204081802
937.1	0.2064653819
937.2	0.2088530267
937.3	0.21124469
937.4	0.2136403219
937.5	0.2160398692
937.6	0.217113347
937.7	0.2180845837
937.8	0.21905624
937.9	0.2196937201
938	0.2203297239
938.1	0.2211674424
938.2	0.2220039773
938.3	0.2228393491
938.4	0.2236735761
938.5	0.2245066747
938.6	0.2304221613
938.7	0.2363279182
938.8	0.2422248632
938.9	0.248113936
939	0.2539960872
939.1	0.2600409815
939.2	0.2660753314
939.3	0.2721000779
939.4	0.278116135
939.5	0.2841243791
939.6	0.2829434039
939.7	0.2817703214
939.8	0.2806053135
939.9	0.2794484688
940	0.2782997849
940.1	0.2747617349
940.2	0.2712338521
940.3	0.2677157162
940.4	0.2642068327
940.5	0.2607066385
940.6	0.2603686126
940.7	0.2600348772
940.8	0.2597049388
940.9	0.2593782207
941	0.2590540637
941.1	0.2607965491
941.2	0.2625373688
941.3	0.264275618
941.4	0.2660102794
941.5	0.2677402213
941.6	0.2671465157
941.7	0.2665535382
941.8	0.2659613247
941.9	0.2653699079
942	0.2647793175
942.1	0.259556849
942.2	0.2543421385
942.3	0.249135188
942.4	0.2439359952
942.5	0.2387445538
942.6	0.2348468568
942.7	0.2309549261
942.8	0.2270686847
942.9	0.2231880575
943	0.2193129716
943.1	0.222148136
943.2	0.2249814655
943.3	0.2278128823
943.4	0.2306423025
943.5	0.2334696361
943.6	0.2309716965
943.7	0.2284739385
943.8	0.2259769644
943.9	0.2234813126
944	0.2209874598
944.1	0.2187040383
944.2	0.2164242268
944.3	0.2141483341
944.4	0.2118766168
944.5	0.2096092825
944.6	0.2149889277
944.7	0.2203649451
944.8	0.2257376187
944.9	0.2311072056
945	0.2364739321
945.1	0.2372984673
945.2	0.2381249871
945.3	0.2389534408
945.4	0.239783739
945.5	0.2406157539
945.6	0.2373794735
945.7	0.2341476681
945.8	0.2309199971
945.9	0.2276960951
946	0.2244755744
946.1	0.2255833368
946.2	0.2266902306
946.3	0.2277957978
946.4	0.2288995316
946.5	0.2300008755
946.6	0.2330262537
946.7	0.2360488168
946.8	0.2390685657
946.9	0.2420855066
947	0.2450996516
947.1	0.2445324624
947.2	0.243965799
947.3	0.2433996942
947.4	0.2428341854
947.5	0.2422693144
947.6	0.2379396401
947.7	0.2336155283
947.8	0.229297031
947.9	0.2249841924
948	0.2206770496
948.1	0.2223869051
948.2	0.2240955229
948.3	0.2258029159
948.4	0.2275090928
948.5	0.2292140579
948.6	0.2351920247
948.7	0.2411665202
948.8	0.2471374623
948.9	0.2531047664
949	0.259068347
949.1	0.2557702838
949.2	0.2524741549
949.3	0.2491798979
949.4	0.2458874617
949.5	0.2425968055
949.6	0.2379315351
949.7	0.2332687969
949.8	0.2286085188
949.9	0.2239506433
950	0.2192951269
950.1	0.2225258968
950.2	0.2257526418
950.3	0.2289752677
950.4	0.2321936846
950.5	0.2354078067
950.6	0.2412281482
950.7	0.2470415905
950.8	0.2528481642
950.9	0.2586479188
951	0.2644409248
951.1	0.2634306121
951.2	0.2624210299
951.3	0.2614123318
951.4	0.2604046802
951.5	0.2593982451
951.6	0.2528776341
951.7	0.2463649448
951.8	0.2398601682
951.9	0.2333632984
952	0.2268743324
952.1	0.2251102881
952.2	0.223348332
952.3	0.2215884675
952.4	0.2198307001
952.5	0.2180750375
952.6	0.2214151074
952.7	0.2247504928
952.8	0.2280811947
952.9	0.2314072124
953	0.2347285429
953.1	0.236765119
953.2	0.2387987729
953.3	0.2408294971
953.4	0.2428572811
953.5	0.2448821117
953.6	0.2453029771
953.7	0.2457234406
953.8	0.2461433246
953.9	0.2465624653
954	0.2469807129
954.1	0.2460966798
954.2	0.2452129191
954.3	0.2443293327
954.4	0.2434458392
954.5	0.2425623733
954.6	0.2428259954
954.7	0.2430884206
954.8	0.2433495104
954.9	0.2436091429
955	0.2438672135
955.1	0.2428125487
955.2	0.2417578237
955.3	0.2407030069
955.4	0.239648085
955.5	0.2385930619
955.6	0.2374745336
955.7	0.2363561271
955.8	0.2352379695
955.9	0.2341202026
956	0.233002982
956.1	0.2331589692
956.2	0.2333140192
956.3	0.2334683231
956.4	0.2336220896
956.5	0.2337755446
956.6	0.2342432545
956.7	0.234709853
956.8	0.2351754109
956.9	0.2356399992
957	0.2361036897
957.1	0.2398029332
957.2	0.2434962151
957.3	0.2471836183
957.4	0.2508652299
957.5	0.2545411418
957.6	0.2547163079
957.7	0.2548912127
957.8	0.2550658133
957.9	0.2552400646
958	0.2554139183
958.1	0.2534446054
958.2	0.2514776719
958.3	0.2495130619
958.4	0.2475507186
958.5	0.2455905847
958.6	0.2438188375
958.7	0.2420492679
958.8	0.2402817499
958.9	0.2385161689
959	0.2367524204
959.1	0.2353879846
959.2	0.2340250306
959.3	0.232663481
959.4	0.2313032678
959.5	0.2299443316
959.6	0.2317238439
959.7	0.2334994937
959.8	0.2352712572
959.9	0.2370391199
960	0.2388030773
960.1	0.2405157293
960.2	0.2422247976
960.3	0.2439303091
960.4	0.2456323018
960.5	0.2473308252
960.6	0.2484157327
960.7	0.2494981351
960.8	0.250578076
960.9	0.2516556079
961	0.2527307918
961.1	0.2538163272
961.2	0.2548997706
961.3	0.2559812101
961.4	0.2570607429
961.5	0.258138476
961.6	0.2566715325
961.7	0.255206508
961.8	0.2537433676
961.9	0.2522820795
962	0.2508226156
962.1	0.2482939103
962.2	0.2457683369
962.3	0.2432458795
962.4	0.2407265254
962.5	0.2382102651
962.6	0.2400249196
962.7	0.2418363783
962.8	0.2436446908
962.9	0.2454499063
963	0.2472520728
963.1	0.2490374474
963.2	0.2508196693
963.3	0.252598784
963.4	0.2543748358
963.5	0.2561478675
963.6	0.2552933308
963.7	0.254440266
963.8	0.2535885283
963.9	0.2527379853
964	0.2518885166
964.1	0.2516936623
964.2	0.2514986447
964.3	0.2513033767
964.4	0.251107782
964.5	0.2509117943
964.6	0.2516021138
964.7	0.2522899846
964.8	0.252975324
964.9	0.2536580562
965	0.2543381122
965.1	0.2556137554
965.2	0.2568861765
965.3	0.2581553202
965.4	0.2594211385
965.5	0.2606835908
965.6	0.2594226228
965.7	0.2581623961
965.8	0.2569030804
965.9	0.2556448495
966	0.2543878823
966.1	0.2521268339
966.2	0.2498692577
966.3	0.2476153431
966.4	0.2453652795
966.5	0.2431192573
966.6	0.2439576458
966.7	0.2447946403
966.8	0.2456301946
966.9	0.2464642618
967	0.2472967941
967.1	0.2510363672
967.2	0.2547698348
967.3	0.2584971495
967.4	0.2622182605
967.5	0.265933114
967.6	0.2670478366
967.7	0.2681603074
967.8	0.2692704694
967.9	0.2703782648
968	0.2714836347
968.1	0.2701261993
968.2	0.268770577
968.3	0.2674167184
968.4	0.266064575
968.5	0.2647140996
968.6	0.2651932006
968.7	0.2656706719
968.8	0.2661464746
968.9	0.2666205808
969	0.2670929729
969.1	0.2676044144
969.2	0.2681142887
969.3	0.2686226104
969.4	0.2691294051
969.5	0.2696347097
969.6	0.2688368361
969.7	0.2680395156
969.8	0.2672427327
969.9	0.2664464776
970	0.265650746
970.1	0.2651692248
970.2	0.2646876105
970.3	0.2642059134
970.4	0.2637241495
970.5	0.2632423397
970.6	0.2636579049
970.7	0.2640718631
970.8	0.2644841747
970.9	0.2648948108
971	0.2653037531
971.1	0.2644111011
971.2	0.2635196528
971.3	0.2626294264
971.4	0.2617404507
971.5	0.2608527646
971.6	0.2602988891
971.7	0.259745198
971.8	0.2591917109
971.9	0.2586384499
972	0.2580854397
972.1	0.2575832299
972.2	0.257081119
972.3	0.2565791388
972.4	0.2560773232
972.5	0.2555757087
972.6	0.2545279024
972.7	0.2534820562
972.8	0.2524382138
972.9	0.2513964201
973	0.2503567224
973.1	0.2495756675
973.2	0.2487958844
973.3	0.2480174267
973.4	0.2472403497
973.5	0.2464647102
973.6	0.2459597451
973.7	0.2454552412
973.8	0.244951216
973.9	0.2444476813
974	0.2439446443
974.1	0.2431609845
974.2	0.2423784562
974.3	0.2415970519
974.4	0.2408167595
974.5	0.240037562
974.6	0.2392595367
974.7	0.2384827575
974.8	0.237707199
974.9	0.2369328361
975	0.236159644
975.1	0.2360131186
975.2	0.2358660518
975.3	0.2357184194
975.4	0.2355701972
975.5	0.2354213613
975.6	0.2348525043
975.7	0.2342842049
975.8	0.2337164721
975.9	0.2331493124
976	0.2325827298
976.1	0.2326887675
976.2	0.232792906
976.3	0.2328951419
976.4	0.2329954691
976.5	0.2330938796
976.6	0.2341180675
976.7	0.2351371724
976.8	0.2361511874
976.9	0.2371601078
977	0.2381639315
977.1	0.2384679622
977.2	0.2387700135
977.3	0.2390700888
977.4	0.2393681942
977.5	0.2396643382
977.6	0.2387924542
977.7	0.2379220528
977.8	0.2370531104
977.9	0.2361856039
978	0.2353195102
978.1	0.2346812593
978.2	0.2340435552
978.3	0.2334063757
978.4	0.232769699
978.5	0.2321335033
978.6	0.2316972385
978.7	0.2312608173
978.8	0.2308242878
978.9	0.2303876978
979	0.2299510948
979.1	0.2293444134
979.2	0.2287384263
979.3	0.2281331797
979.4	0.2275287196
979.5	0.226925091
979.6	0.2268617624
979.7	0.2267973497
979.8	0.2267318296
979.9	0.2266651784
980	0.2265973727
980.1	0.2265203438
980.2	0.2264421205
980.3	0.2263626795
980.4	0.2262819975
980.5	0.2262000513
980.6	0.22698335
980.7	0.2277621122
980.8	0.2285363138
980.9	0.2293059305
981	0.2300709375
981.1	0.2300474743
981.2	0.2300223921
981.3	0.2299956668
981.4	0.2299672744
981.5	0.2299371909
981.6	0.2292907036
981.7	0.2286447455
981.8	0.2279993649
981.9	0.2273546097
982	0.2267105272
982.1	0.2259307817
982.2	0.2251524277
982.3	0.2243755104
982.4	0.223600074
982.5	0.2228261625
982.6	0.2223321738
982.7	0.2218386078
982.8	0.2213454406
982.9	0.2208526485
983	0.220360208
983.1	0.2205646137
983.2	0.2207665452
983.3	0.2209659803
983.4	0.2211628966
983.5	0.2213572718
983.6	0.2213223555
983.7	0.2212861201
983.8	0.2212483605
983.9	0.2212088854
984	0.2211675169
984.1	0.22055742
984.2	0.2199473034
984.3	0.2193370362
984.4	0.2187265026
984.5	0.2181156013
984.6	0.2174597191
984.7	0.2168036505
984.8	0.216147343
984.9	0.2154907622
985	0.214833892
985.1	0.214628088
985.2	0.2144201954
985.3	0.2142102437
985.4	0.2139982798
985.5	0.2137843679
985.6	0.213699632
985.7	0.2136123607
985.8	0.2135226625
985.9	0.2134306583
986	0.2133364823
986.1	0.2129959415
986.2	0.2126549403
986.3	0.2123136508
986.4	0.2119722567
986.5	0.2116309535
986.6	0.2111187595
986.7	0.2106070512
986.8	0.2100958496
986.9	0.2095851755
987	0.2090750497
987.1	0.2086246205
987.2	0.2081745073
987.3	0.2077247305
987.4	0.2072753105
987.5	0.2068262674
987.6	0.2065457321
987.7	0.2062649567
987.8	0.2059838985
987.9	0.205702515
988	0.2054207637
988.1	0.2051919162
988.2	0.2049623847
988.3	0.2047321276
988.4	0.2045011036
988.5	0.2042692715
988.6	0.2038713419
988.7	0.2034730674
988.8	0.2030745544
988.9	0.2026759022
989	0.2022772036
989.1	0.2018160872
989.2	0.2013553464
989.3	0.2008950527
989.4	0.2004352713
989.5	0.1999760603
989.6	0.1994770752
989.7	0.1989789264
989.8	0.1984816523
989.9	0.1979852845
990	0.1974898486
990.1	0.1971858384
990.2	0.1968822567
990.3	0.196579112
990.4	0.1962764068
990.5	0.1959741374
990.6	0.1957119363
990.7	0.1954498962
990.8	0.1951879638
990.9	0.1949260779
991	0.19466417
991.1	0.1943438302
991.2	0.1940235127
991.3	0.1937031264
991.4	0.1933825727
991.5	0.1930617461
991.6	0.1927795106
991.7	0.1924970791
991.8	0.1922144516
991.9	0.1919316282
992	0.1916486087
992.1	0.1912715847
992.2	0.1908946903
992.3	0.1905179254
992.4	0.19014129
992.5	0.1897647842
992.6	0.1893884079
992.7	0.1890121612
992.8	0.188636044
992.9	0.1882600565
993	0.1878841985
993.1	0.187641795
993.2	0.1873992691
993.3	0.187156621
993.4	0.1869138505
993.5	0.1866709578
993.6	0.186465327
993.7	0.1862592631
993.8	0.186052869
993.9	0.1858462396
994	0.1856394619
994.1	0.1853104246
994.2	0.1849815812
994.3	0.1846529942
994.4	0.1843247184
994.5	0.1839968005
994.6	0.1836693555
994.7	0.1833423872
994.8	0.1830158935
994.9	0.1826898671
995	0.1823642949
995.1	0.1820375908
995.2	0.1817113042
995.3	0.1813854055
995.4	0.1810598603
995.5	0.1807346285
995.6	0.1804096649
995.7	0.1800849192
995.8	0.1797603359
995.9	0.1794358544
996	0.179111409
996.1	0.1788240408
996.2	0.1785366345
996.3	0.1782491097
996.4	0.1779613807
996.5	0.1776733575
996.6	0.1773848715
996.7	0.177096254
996.8	0.1768075415
996.9	0.1765187707
997	0.1762299777
997.1	0.1758955299
997.2	0.1755610901
997.3	0.1752266939
997.4	0.1748923765
997.5	0.1745581729
997.6	0.1742241897
997.7	0.1738903359
997.8	0.1735565929
997.9	0.1732229423
998	0.1728893658
998.1	0.1725615902
998.2	0.172233832
998.3	0.1719060732
998.4	0.1715782961
998.5	0.1712504831
998.6	0.1709228285
998.7	0.1705952382
998.8	0.170267624
998.9	0.1699399035
999	0.1696120003
999.1	0.1692702506
999.2	0.1689282346
999.3	0.1685858932
999.4	0.1682431728
999.5	0.1679000252
999.6	0.1675564079
999.7	0.1672123795
999.8	0.1668679356
999.9	0.166523079
1000	0.166177819
1000.1	0.1658250806
1000.2	0.165471748
1000.3	0.1651178505
1000.4	0.1647634239
1000.5	0.1644085104
1000.6	0.1639870214
1000.7	0.1635653687
1000.8	0.1631435868
1000.9	0.1627217149
1001	0.1622997967
1001.1	0.1618972624
1001.2	0.1614949244
1001.3	0.1610928399
1001.4	0.16069107
1001.5	0.1602896805
1001.6	0.1598887412
1001.7	0.1594880529
1001.8	0.1590876157
1001.9	0.1586874296
1002	0.1582874946
1002.1	0.1579213774
1002.2	0.1575551022
1002.3	0.1571886692
1002.4	0.1568220783
1002.5	0.1564553296
1002.6	0.1561516039
1002.7	0.1558473978
1002.8	0.1555427112
1002.9	0.1552375442
1003	0.1549318967
1003.1	0.1545281976
1003.2	0.1541245233
1003.3	0.1537208737
1003.4	0.1533172488
1003.5	0.1529136486
1003.6	0.1525102621
1003.7	0.1521070205
1003.8	0.1517038604
1003.9	0.1513007236
1004	0.150897557
1004.1	0.1505028924
1004.2	0.1501080625
1004.3	0.1497130297
1004.4	0.1493177613
1004.5	0.1489222294
1004.6	0.1485264725
1004.7	0.1481304499
1004.8	0.1477341277
1004.9	0.1473374781
1005	0.1469404797
1005.1	0.1464773096
1005.2	0.146013821
1005.3	0.1455500114
1005.4	0.1450858843
1005.5	0.1446214491
1005.6	0.1441566615
1005.7	0.1436915641
1005.8	0.1432262036
1005.9	0.1427606303
1006	0.1422948982
1006.1	0.14190027
1006.2	0.1415055133
1006.3	0.1411106928
1006.4	0.1407158769
1006.5	0.1403211376
1006.6	0.1399547896
1006.7	0.139588274
1006.8	0.1392216049
1006.9	0.1388547961
1007	0.1384878615
1007.1	0.1380148291
1007.2	0.1375419895
1007.3	0.1370693558
1007.4	0.1365969409
1007.5	0.1361247577
1007.6	0.1356802572
1007.7	0.1352357922
1007.8	0.1347913342
1007.9	0.1343468549
1008	0.1339023265
1008.1	0.1334632601
1008.2	0.1330244124
1008.3	0.1325857567
1008.4	0.1321472665
1008.5	0.1317089159
1008.6	0.1312702449
1008.7	0.1308314619
1008.8	0.1303927092
1008.9	0.1299541178
1009	0.129515808
1009.1	0.1290786041
1009.2	0.1286418848
1009.3	0.1282057385
1009.4	0.1277702432
1009.5	0.1273354665
1009.6	0.1269529062
1009.7	0.1265708735
1009.8	0.1261893898
1009.9	0.1258084685
1010	0.125428115
1010.1	0.1251012405
1010.2	0.1247746078
1010.3	0.1244482
1010.4	0.1241219927
1010.5	0.1237959543
1010.6	0.1234451376
1010.7	0.1230944858
1010.8	0.1227439255
1010.9	0.1223933754
1011	0.1220427464
1011.1	0.1216427298
1011.2	0.121242742
1011.3	0.1208426716
1011.4	0.1204423998
1011.5	0.120041801
1011.6	0.1196165723
1011.7	0.1191914201
1011.8	0.1187663699
1011.9	0.1183414464
1012	0.1179166741
1012.1	0.1175216718
1012.2	0.1171266677
1012.3	0.1167316855
1012.4	0.1163367483
1012.5	0.115941879
1012.6	0.1155704673
1012.7	0.1151989735
1012.8	0.114827385
1012.9	0.114455689
1013	0.1140838732
1013.1	0.1137524856
1013.2	0.1134210793
1013.3	0.1130896424
1013.4	0.1127581632
1013.5	0.11242663
1013.6	0.1120951702
1013.7	0.1117637217
1013.8	0.1114322265
1013.9	0.1111006309
1014	0.1107688848
1014.1	0.1104233304
1014.2	0.110077621
1014.3	0.1097317187
1014.4	0.1093855893
1014.5	0.1090392024
1014.6	0.1086925314
1014.7	0.1083456153
1014.8	0.1079984521
1014.9	0.1076510446
1015	0.1073033999
1015.1	0.1069701344
1015.2	0.1066365657
1015.3	0.1063027134
1015.4	0.1059686011
1015.5	0.1056342566
1015.6	0.1052997116
1015.7	0.1049649417
1015.8	0.1046299694
1015.9	0.1042948199
1016	0.1039595216
1016.1	0.1036156708
1016.2	0.1032717912
1016.3	0.1029279193
1016.4	0.1025840942
1016.5	0.1022403578
1016.6	0.1018967542
1016.7	0.1015531563
1016.8	0.1012095642
1016.9	0.1008659778
1017	0.1005223971
1017.1	0.1001732555
1017.2	0.0998241578
1017.3	0.0994751038
1017.4	0.0991260936
1017.5	0.0987771273
1017.6	0.0984282047
1017.7	0.098079326
1017.8	0.0977304912
1017.9	0.0973817001
1018	0.0970329529
1018.1	0.096749674
1018.2	0.0964663819
1018.3	0.0961830766
1018.4	0.095899758
1018.5	0.0956164262
1018.6	0.0953138608
1018.7	0.0950113965
1018.8	0.0947090332
1018.9	0.094406771
1019	0.0941046099
1019.1	0.0938279837
1019.2	0.0935513055
1019.3	0.0932745753
1019.4	0.0929977932
1019.5	0.0927209591
1019.6	0.0924627298
1019.7	0.0922043368
1019.8	0.09194578
1019.9	0.0916870594
1020	0.091428175
1020.1	0.0910806995
1020.2	0.0907332586
1020.3	0.0903858523
1020.4	0.0900384806
1020.5	0.0896911435
1020.6	0.089343841
1020.7	0.0889965732
1020.8	0.0886493399
1020.9	0.0883021413
1021	0.0879549773
1021.1	0.0876744736
1021.2	0.0873939368
1021.3	0.0871133668
1021.4	0.0868327636
1021.5	0.0865521272
1021.6	0.0862714577
1021.7	0.0859907551
1021.8	0.0857100192
1021.9	0.0854292502
1022	0.085148448
1022.1	0.0848069865
1022.2	0.0844655134
1022.3	0.0841240287
1022.4	0.0837825324
1022.5	0.0834410245
1022.6	0.0830827511
1022.7	0.0827246039
1022.8	0.0823665828
1022.9	0.0820086878
1023	0.081650919
1023.1	0.0813662964
1023.2	0.0810816676
1023.3	0.0807970326
1023.4	0.0805123913
1023.5	0.0802277439
1023.6	0.0799270555
1023.7	0.0796265384
1023.8	0.0793261593
1023.9	0.0790258877
1024	0.0787256959
1024.1	0.0784056663
1024.2	0.0780853702
1024.3	0.0777647883
1024.4	0.0774439041
1024.5	0.0771227036
1024.6	0.0768012071
1024.7	0.0764793943
1024.8	0.0761572481
1024.9	0.0758347549
1025	0.0755119045
1025.1	0.0752188543
1025.2	0.0749256705
1025.3	0.0746323522
1025.4	0.0743389018
1025.5	0.0740453243
1025.6	0.0737515976
1025.7	0.0734577439
1025.8	0.0731637875
1025.9	0.0728697544
1026	0.0725756725
1026.1	0.072227235
1026.2	0.0718787962
1026.3	0.0715303892
1026.4	0.0711820489
1026.5	0.0708338113
1026.6	0.0704857142
1026.7	0.0701376765
1026.8	0.0697897052
1026.9	0.069441807
1027	0.0690939888
1027.1	0.0688139733
1027.2	0.0685339539
1027.3	0.0682539372
1027.4	0.0679739293
1027.5	0.0676939366
1027.6	0.067413993
1027.7	0.0671340558
1027.8	0.0668541108
1027.9	0.066574144
1028	0.0662941414
1028.1	0.0660047719
1028.2	0.06571542
1028.3	0.0654260725
1028.4	0.0651367165
1028.5	0.0648473393
1028.6	0.0645577151
1028.7	0.0642679471
1028.8	0.0639781058
1028.9	0.0636882558
1029	0.0633984563
1029.1	0.063053802
1029.2	0.0627092837
1029.3	0.0623649435
1029.4	0.0620208182
1029.5	0.0616769395
1029.6	0.0613457248
1029.7	0.0610146821
1029.8	0.0606838193
1029.9	0.0603531407
1030	0.0600226466
1030.1	0.0597380898
1030.2	0.0594538407
1030.3	0.0591698891
1030.4	0.0588862216
1030.5	0.0586028212
1030.6	0.0583196679
1030.7	0.0580367049
1030.8	0.0577538964
1030.9	0.0574712032
1031	0.0571885826
1031.1	0.0569034173
1031.2	0.0566182554
1031.3	0.0563330448
1031.4	0.0560477306
1031.5	0.0557622548
1031.6	0.0554765341
1031.7	0.0551907658
1031.8	0.0549049618
1031.9	0.0546191338
1032	0.0543332931
1032.1	0.0540514735
1032.2	0.0537696211
1032.3	0.0534877467
1032.4	0.0532058606
1032.5	0.0529239732
1032.6	0.0526421162
1032.7	0.0523602615
1032.8	0.052078403
1032.9	0.0517965347
1033	0.0515146507
1033.1	0.0512359428
1033.2	0.0509571724
1033.3	0.050678334
1033.4	0.0503994224
1033.5	0.050120432
1033.6	0.0498414197
1033.7	0.0495623573
1033.8	0.0492832189
1033.9	0.0490039808
1034	0.0487246209
1034.1	0.0484946881
1034.2	0.0482646854
1034.3	0.0480345966
1034.4	0.0478044071
1034.5	0.0475741043
1034.6	0.0473436771
1034.7	0.0471131433
1034.8	0.0468825025
1034.9	0.0466517566
1035	0.0464209092
1035.1	0.046203321
1035.2	0.0459855132
1035.3	0.0457674948
1035.4	0.0455492765
1035.5	0.0453308705
1035.6	0.0451122907
1035.7	0.0448935271
1035.8	0.0446745896
1035.9	0.0444554892
1036	0.0442362383
1036.1	0.0440001479
1036.2	0.0437641081
1036.3	0.0435281345
1036.4	0.0432922436
1036.5	0.0430564528
1036.6	0.0428207805
1036.7	0.0425851731
1036.8	0.0423496306
1036.9	0.042114153
1037	0.0418787402
1037.1	0.0416522747
1037.2	0.0414257762
1037.3	0.0411992447
1037.4	0.0409726801
1037.5	0.0407460825
1037.6	0.0405194519
1037.7	0.0402927883
1037.8	0.0400660916
1037.9	0.0398393619
1038	0.0396125992
1038.1	0.0394417179
1038.2	0.0392708249
1038.3	0.0390999201
1038.4	0.0389290036
1038.5	0.0387580753
1038.6	0.0385871352
1038.7	0.0384161834
1038.8	0.0382452197
1038.9	0.0380742443
1039	0.0379032572
1039.1	0.0377279275
1039.2	0.0375526256
1039.3	0.0373773513
1039.4	0.0372021048
1039.5	0.0370268859
1039.6	0.0368516948
1039.7	0.0366765313
1039.8	0.0365013955
1039.9	0.0363262875
1040	0.0361512071
1040.1	0.0359822496
1040.2	0.0358132617
1040.3	0.0356442435
1040.4	0.0354751949
1040.5	0.035306116
1040.6	0.0351370067
1040.7	0.034967867
1040.8	0.0347986969
1040.9	0.0346294965
1041	0.0344602657
1041.1	0.0343488534
1041.2	0.034237418
1041.3	0.0341259596
1041.4	0.034014478
1041.5	0.0339029734
1041.6	0.0337914457
1041.7	0.033679895
1041.8	0.0335683211
1041.9	0.0334567242
1042	0.0333451042
1042.1	0.0331736139
1042.2	0.0330021134
1042.3	0.0328306025
1042.4	0.0326590815
1042.5	0.0324875501
1042.6	0.0323160085
1042.7	0.0321444566
1042.8	0.0319728944
1042.9	0.031801322
1043	0.0316297394
1043.1	0.0315150439
1043.2	0.031400346
1043.3	0.0312856456
1043.4	0.0311709428
1043.5	0.0310562375
1043.6	0.0309415682
1043.7	0.0308269207
1043.8	0.030712282
1043.9	0.0305976405
1044	0.0304829853
1044.1	0.0303674329
1044.2	0.0302518554
1044.3	0.0301362452
1044.4	0.0300205959
1044.5	0.029904902
1044.6	0.0297831717
1044.7	0.0296614434
1044.8	0.0295397106
1044.9	0.0294179678
1045	0.0292962112
1045.1	0.029185044
1045.2	0.0290737751
1045.3	0.0289624041
1045.4	0.028850932
1045.5	0.0287393607
1045.6	0.0286276815
1045.7	0.0285159032
1045.8	0.028404035
1045.9	0.0282920871
1046	0.0281800703
1046.1	0.0281193307
1046.2	0.0280585832
1046.3	0.0279978407
1046.4	0.0279371167
1046.5	0.0278764255
1046.6	0.0278157821
1046.7	0.0277551547
1046.8	0.0276945462
1046.9	0.0276339593
1047	0.0275733968
1047.1	0.0274610666
1047.2	0.0273487317
1047.3	0.0272363946
1047.4	0.0271240578
1047.5	0.0270117238
1047.6	0.0268994061
1047.7	0.0267870878
1047.8	0.0266747631
1047.9	0.0265624265
1048	0.0264500724
1048.1	0.0263368739
1048.2	0.0262236544
1048.3	0.0261104085
1048.4	0.0259971312
1048.5	0.0258838173
1048.6	0.0257652237
1048.7	0.0256466172
1048.8	0.0255280115
1048.9	0.0254094195
1049	0.0252908528
1049.1	0.0252325905
1049.2	0.0251743457
1049.3	0.0251161272
1049.4	0.0250579433
1049.5	0.0249998012
1049.6	0.0249417073
1049.7	0.0248836674
1049.8	0.0248256862
1049.9	0.0247677677
1050	0.0247099152
1050.1	0.0245961848
1050.2	0.0244825116
1050.3	0.0243688959
1050.4	0.0242553374
1050.5	0.0241418351
1050.6	0.024028387
1050.7	0.023914977
1050.8	0.023801598
1050.9	0.0236882421
1051	0.0235749007
1051.1	0.0235180566
1051.2	0.0234612203
1051.3	0.0234043806
1051.4	0.0233475256
1051.5	0.0232906427
1051.6	0.0232337182
1051.7	0.0231767909
1051.8	0.0231198606
1051.9	0.0230629275
1052	0.0230059914
1052.1	0.0228878685
1052.2	0.022769776
1052.3	0.0226517141
1052.4	0.0225336828
1052.5	0.022415682
1052.6	0.0223022173
1052.7	0.0221887374
1052.8	0.0220752422
1052.9	0.0219617317
1053	0.021848206
1053.1	0.0217907871
1053.2	0.0217333676
1053.3	0.0216759475
1053.4	0.0216185268
1053.5	0.0215611056
1053.6	0.0215036837
1053.7	0.0214462613
1053.8	0.0213888383
1053.9	0.0213314148
1054	0.0212739906
1054.1	0.0212138504
1054.2	0.0211537237
1054.3	0.0210936106
1054.4	0.021033511
1054.5	0.0209734249
1054.6	0.0209175825
1054.7	0.020861731
1054.8	0.0208058705
1054.9	0.020750001
1055	0.0206941225
1055.1	0.020578843
1055.2	0.0204635667
1055.3	0.0203482935
1055.4	0.0202330236
1055.5	0.0201177568
1055.6	0.0199984482
1055.7	0.0198791895
1055.8	0.0197599805
1055.9	0.0196408214
1056	0.019521712
1056.1	0.0194644819
1056.2	0.0194072506
1056.3	0.0193500181
1056.4	0.0192927845
1056.5	0.0192355497
1056.6	0.0191744316
1056.7	0.0191133354
1056.8	0.0190522613
1056.9	0.0189912092
1057	0.0189301792
1057.1	0.0188754272
1057.2	0.0188206595
1057.3	0.018765876
1057.4	0.0187110769
1057.5	0.0186562621
1057.6	0.0185976622
1057.7	0.0185390689
1057.8	0.0184804821
1057.9	0.0184219018
1058	0.018363328
1058.1	0.0183065328
1058.2	0.0182497338
1058.3	0.018192931
1058.4	0.0181361245
1058.5	0.0180793142
1058.6	0.0180225001
1058.7	0.0179656823
1058.8	0.0179088608
1058.9	0.0178520355
1059	0.0177952064
1059.1	0.0177369398
1059.2	0.0176786778
1059.3	0.0176204204
1059.4	0.0175621676
1059.5	0.0175039193
1059.6	0.0174492186
1059.7	0.0173945004
1059.8	0.0173397645
1059.9	0.017285011
1060	0.0172302399
1060.1	0.0171732894
1060.2	0.0171163355
1060.3	0.0170593784
1060.4	0.017002418
1060.5	0.0169454543
1060.6	0.0168850581
1060.7	0.0168246818
1060.8	0.0167643253
1060.9	0.0167039886
1061	0.0166436718
1061.1	0.0165867545
1061.2	0.0165298339
1061.3	0.0164729099
1061.4	0.0164159827
1061.5	0.0163590521
1061.6	0.0163021183
1061.7	0.0162451811
1061.8	0.0161882406
1061.9	0.0161312969
1062	0.0160743498
1062.1	0.0160148494
1062.2	0.0159553636
1062.3	0.0158958924
1062.4	0.0158364357
1062.5	0.0157769936
1062.6	0.0157207645
1062.7	0.0156645272
1062.8	0.0156082815
1062.9	0.0155520276
1063	0.0154957653
1063.1	0.0154398955
1063.2	0.0153840145
1063.3	0.0153281222
1063.4	0.0152722187
1063.5	0.015216304
1063.6	0.0151572935
1063.7	0.0150982945
1063.8	0.0150393071
1063.9	0.0149803312
1064	0.0149213669
1064.1	0.0148644117
1064.2	0.0148074532
1064.3	0.0147504913
1064.4	0.0146935261
1064.5	0.0146365575
1064.6	0.0145795855
1064.7	0.0145226102
1064.8	0.0144656315
1064.9	0.0144086495
1065	0.014351664
1065.1	0.0142949645
1065.2	0.0142382592
1065.3	0.0141815483
1065.4	0.0141248316
1065.5	0.0140681093
1065.6	0.0140113813
1065.7	0.0139546476
1065.8	0.0138979082
1065.9	0.0138411631
1066	0.0137844123
1066.1	0.0137279651
1066.2	0.0136715096
1066.3	0.0136150459
1066.4	0.013558574
1066.5	0.0135020938
1066.6	0.0134456054
1066.7	0.0133891088
1066.8	0.013332604
1066.9	0.0132760909
1067	0.0132195696
1067.1	0.0132207302
1067.2	0.0132218909
1067.3	0.0132230516
1067.4	0.0132242124
1067.5	0.0132253734
1067.6	0.0132265343
1067.7	0.0132276954
1067.8	0.0132288566
1067.9	0.0132300178
1068	0.0132311791
1068.1	0.0131767675
1068.2	0.0131223289
1068.3	0.0130678633
1068.4	0.0130133706
1068.5	0.0129588509
1068.6	0.0129043042
1068.7	0.0128497304
1068.8	0.0127951295
1068.9	0.0127405016
1069	0.0126858466
1069.1	0.0126296653
1069.2	0.0125734706
1069.3	0.0125172624
1069.4	0.0124610409
1069.5	0.0124048059
1069.6	0.0123510674
1069.7	0.0122972926
1069.8	0.0122434815
1069.9	0.0121896341
1070	0.0121357504
1070.1	0.0121138471
1070.2	0.0120919369
1070.3	0.0120700197
1070.4	0.0120480955
1070.5	0.0120261643
1070.6	0.0120042262
1070.7	0.011982281
1070.8	0.0119603289
1070.9	0.0119383698
1071	0.0119164038
1071.1	0.0118367268
1071.2	0.011757267
1071.3	0.0116780244
1071.4	0.0115989991
1071.5	0.0115201911
1071.6	0.0114416005
1071.7	0.0113638444
1071.8	0.0112862996
1071.9	0.0112083552
1072	0.0111306281
1072.1	0.0110530761
1072.2	0.0109757421
1072.3	0.0108986262
1072.4	0.0108217285
1072.5	0.0107450491
1072.6	0.0106707496
1072.7	0.0105966375
1072.8	0.0105227129
1072.9	0.010448976
1073	0.0103754269
1073.1	0.0103029431
1073.2	0.010230635
1073.3	0.0101585028
1073.4	0.0100865468
1073.5	0.0100040452
1073.6	0.009919823
1073.7	0.0098258701
1073.8	0.0097323442
1073.9	0.0096386932
1074	0.0095454754
1074.1	0.0094983824
1074.2	0.0094513404
1074.3	0.009404898
1074.4	0.0093585061
1074.5	0.0093116169
1074.6	0.0092723004
1074.7	0.0092329682
1074.8	0.0091936203
1074.9	0.0091548048
1075	0.0091159738
1075.1	0.0090300211
1075.2	0.0089444127
1075.3	0.0088591495
1075.4	0.0087742322
1075.5	0.0086901965
1075.6	0.0086030277
1075.7	0.0085157447
1075.8	0.0084288825
1075.9	0.0083424412
1076	0.0082564213
1076.1	0.0082197359
1076.2	0.0081830339
1076.3	0.0081457951
1076.4	0.0081085395
1076.5	0.008071267
1076.6	0.0080291136
1076.7	0.0079875087
1076.8	0.0079459317
1076.9	0.007903863
1077	0.0078618228
1077.1	0.0077721526
1077.2	0.0076830476
1077.3	0.0075939977
1077.4	0.007505518
1077.5	0.0074176076
1077.6	0.007337712
1077.7	0.0072587132
1077.8	0.0071801092
1077.9	0.0071014095
1078	0.0070231114
1078.1	0.0069473822
1078.2	0.0068720066
1078.3	0.0067974652
1078.4	0.0067232736
1078.5	0.0066489583
1078.6	0.0065723531
1078.7	0.0064961735
1078.8	0.006420417
1078.9	0.0063455439
1079	0.0062710839
1079.1	0.006237745
1079.2	0.0062043876
1079.3	0.0061710102
1079.4	0.0061376117
1079.5	0.0061046509
1079.6	0.0060667657
1079.7	0.0060284507
1079.8	0.0059901655
1079.9	0.0059519099
1080	0.005913684
1080.1	0.005836873
1080.2	0.0057605935
1080.3	0.0056843969
1080.4	0.0056087383
1080.5	0.0055336181
1080.6	0.0054634797
1080.7	0.0053942027
1080.8	0.0053253458
1080.9	0.0052564802
1081	0.0051880429
1081.1	0.0051192703
1081.2	0.0050509548
1081.3	0.0049826798
1081.4	0.0049148708
1081.5	0.0048475296
1081.6	0.0047835677
1081.7	0.0047203929
1081.8	0.0046575948
1081.9	0.0045947745
1082	0.0045323392
1082.1	0.0045047779
1082.2	0.0044771853
1082.3	0.0044499599
1082.4	0.0044227046
1082.5	0.0043950213
1082.6	0.0043620187
1082.7	0.0043290598
1082.8	0.0042961442
1082.9	0.0042636693
1083	0.004231237
1083.1	0.0041655877
1083.2	0.0041005029
1083.3	0.0040359815
1083.4	0.0039720224
1083.5	0.0039090047
1083.6	0.0038520223
1083.7	0.0037950438
1083.8	0.0037384521
1083.9	0.0036822497
1084	0.0036264385
1084.1	0.0036014646
1084.2	0.0035764611
1084.3	0.0035510623
1084.4	0.0035256351
1084.5	0.0035001799
1084.6	0.0034718853
1084.7	0.0034439768
1084.8	0.0034160879
1084.9	0.0033878522
1085	0.0033596369
1085.1	0.0033013098
1085.2	0.0032435509
1085.3	0.0031867154
1085.4	0.0031304382
1085.5	0.0030743678
1085.6	0.0030151662
1085.7	0.0029569919
1085.8	0.002899491
1085.9	0.0028423249
1086	0.0027858317
1086.1	0.0027348452
1086.2	0.0026843497
1086.3	0.0026346649
1086.4	0.0025854611
1086.5	0.002536421
1086.6	0.0024940291
1086.7	0.0024518912
1086.8	0.0024100102
1086.9	0.0023686949
1087	0.0023276373
1087.1	0.0023092444
1087.2	0.0022907657
1087.3	0.0022722013
1087.4	0.002253551
1087.5	0.0022351212
1087.6	0.0022139194
1087.7	0.002192381
1087.8	0.0021708121
1087.9	0.002149213
1088	0.0021275835
1088.1	0.002082667
1088.2	0.0020382519
1088.3	0.00199404
1088.4	0.0019503345
1088.5	0.0019071347
1088.6	0.001863307
1088.7	0.0018203179
1088.8	0.0017778746
1088.9	0.001735698
1089	0.0016940708
1089.1	0.0016539234
1089.2	0.0016142789
1089.3	0.0015754013
1089.4	0.0015370186
1089.5	0.0014988719
1089.6	0.0014615237
1089.7	0.0014246595
1089.8	0.001388279
1089.9	0.0013526273
1090	0.0013174519
1090.1	0.0012983858
1090.2	0.0012793442
1090.3	0.0012605692
1090.4	0.0012418182
1090.5	0.0012228496
1090.6	0.0012066263
1090.7	0.0011903452
1090.8	0.0011740063
1090.9	0.001157853
1091	0.0011416427
1091.1	0.0011104788
1091.2	0.0010797054
1091.3	0.001049324
1091.4	0.0010193359
1091.5	0.0009899724
1091.6	0.0009576923
1091.7	0.0009257849
1091.8	0.0008944766
1091.9	0.0008637641
1092	0.0008336441
1092.1	0.0008044296
1092.2	0.0007757869
1092.3	0.0007475117
1092.4	0.000719809
1092.5	0.0006926758
1092.6	0.000668325
1092.7	0.0006445629
1092.8	0.0006211964
1092.9	0.0005980436
1093	0.0005752947
1093.1	0.0005536104
1093.2	0.0005322795
1093.3	0.0005114771
1093.4	0.0004910286
1093.5	0.0004707697
1093.6	0.0004499564
1093.7	0.0004295942
1093.8	0.0004096832
1093.9	0.0003903786
1094	0.0003715195
1094.1	0.0003522584
1094.2	0.0003335211
1094.3	0.0003154469
1094.4	0.0002978849
1094.5	0.0002806968
1094.6	0.000264513
1094.7	0.0002487819
1094.8	0.0002335033
1094.9	0.0002188006
1095	0.0002045445
1095.1	0.0001999409
1095.2	0.0001953384
1095.3	0.0001907372
1095.4	0.0001861372
1095.5	0.0001815383
1095.6	0.0001767945
1095.7	0.0001721796
1095.8	0.0001675732
1095.9	0.0001628554
1096	0.0001581462
1096.1	0.0001500047
1096.2	0.0001420635
1096.3	0.0001344351
1096.4	0.0001270035
1096.5	0.0001196643
1096.6	0.0001125068
1096.7	0.0001055581
1096.8	9.88193450654E-05
1096.9	9.22914690361E-05
1097	8.59754840809E-05
1097.1	7.96862794585E-05
1097.2	7.36457601581E-05
1097.3	6.77709201698E-05
1097.4	6.21484206376E-05
1097.5	5.67768723556E-05
1097.6	5.16868977826E-05
1097.7	4.69082500525E-05
1097.8	4.23646939232E-05
1097.9	3.79923942427E-05
1098	3.38594768379E-05
1098.1	2.9993582857E-05
1098.2	2.63582358632E-05
1098.3	2.29531326315E-05
1098.4	0.000019778
1098.5	1.9042441237E-05
1098.6	1.72424694405E-05
1098.7	1.47056390981E-05
1098.8	1.18445992454E-05
1098.9	8.98123489866E-06
1099	6.36484673379E-06
1099.1	4.187929367E-06
1099.2	2.48431119723E-06
1099.3	1.24364572984E-06
1099.4	4.436272844E-07
1099.5	0.000000149
1099.6	0
